2000人以上,"交通补助,通讯津贴,年度旅游,年终奖",3-5年,本科,（高级）数据分析师,15k-30k,浙江执御信息技术有限公司,浙江执御信息技术有限公司
500-2000人,"股票期权,BAT技术,年度旅游,五险一金",3-5年,本科,数据分析师,13k-20k,二维火,杭州迪火科技有限公司
150-500人,"带薪年假,扁平管理,技能培训,节日礼物",3-5年,本科,资深数据分析师,15k-25k,古茗茶饮,浙江古茗科技有限公司
2000人以上,"六险一金,不打卡,姨妈假,扁平管理",3-5年,本科,资深数据分析师,15k-30k,Fordeal,广州哆啦科技有限公司
50-150人,"扁平管理,技能培训,领导好,岗位晋升",应届毕业生,大专,助理/文员/数据分析员,4k-8k,蓝享网络科技,杭州蓝享网络科技有限公司
150-500人,"年底双薪,节日礼物,岗位晋升,通讯津贴",3-5年,本科,数据分析师,10k-15k,浙江保融,浙江保融科技有限公司
150-500人,"股票期权,带薪年假,弹性工作,交通补助",3-5年,本科,数据分析师,10k-15k,霖梓控股,浙江霖梓控股有限公司
150-500人,"股票期权,带薪年假,弹性工作,交通补助",1-3年,本科,数据分析,9k-18k,霖梓控股,浙江霖梓控股有限公司
2000人以上,"节日礼物,股票期权,带薪年假,岗位晋升",1-3年,本科,数据分析,6k-10k,浙江盘石,浙江盘石信息技术股份有限公司
150-500人,"海量大数据,世界级产品,AI,智能供应链",1-3年,本科,数据分析师（BI）,8k-15k,Club Factory,杭州嘉云数据科技有限公司
500-2000人,"美女多,六险一金,快乐高效文化,绩效奖金",1-3年,本科,数据分析师,8k-14k,婚礼纪,杭州火烧云科技有限公司
150-500人,"股票期权,带薪年假,弹性工作,交通补助",3-5年,本科,数据分析师,15k-25k,霖梓控股,浙江霖梓控股有限公司
150-500人,"节日礼物,岗位晋升,年度旅游,扁平管理",1-3年,本科,数据分析师,12k-20k,青团社,杭州弧途科技有限公司
15-50人,"年底双薪,扁平管理,五险一金,弹性工作",不限,本科,数据分析师,8k-16k,创邻科技,浙江创邻科技有限公司
150-500人,"技能培训,节日礼物,年底双薪,带薪年假",3-5年,本科,数据分析师,13k-25k,Nascent,厦门南讯软件科技有限公司
150-500人,"节日礼物,带薪年假,岗位晋升,美女多",3-5年,本科,数据分析师,15k-20k,汇信科技,浙江汇信科技有限公司
150-500人,"午餐补助,绩效奖金,5A写字楼,环境高大上",5-10年,本科,数据分析师,20k-40k,喜团,杭州喜团科技有限公司
150-500人,"技能培训,节日礼物,年底双薪,带薪年假",1-3年,本科,数据分析师,10k-15k,Nascent,厦门南讯软件科技有限公司
500-2000人,"美女多,六险一金,快乐高效文化,绩效奖金",1-3年,本科,数据分析师,10k-20k,婚礼纪,杭州火烧云科技有限公司
50-150人,"年底双薪,股票期权,岗位晋升,扁平管理",3-5年,本科,数据分析,12k-20k,红花朵朵,杭州红花朵朵网络技术有限公司
150-500人,"专业红娘牵线,节日礼物,技能培训,岗位晋升",1-3年,本科,数据分析师,10k-15k,睿琪软件,杭州睿琪软件有限公司
150-500人,"年底双薪,专项奖金,提供三餐,便捷班车",5-10年,本科,资深数据分析师,25k-30k,神兔网络,杭州神兔网络科技有限公司
2000人以上,"技能培训,Geek,开放,扁平管理",3-5年,不限,数据分析师（BI方向）10-01-21,13k-25k,大搜车,杭州大搜车汽车服务有限公司
150-500人,"五险一金,周末双休,氛围超嗨,节日礼物",1-3年,本科,数据分析师,8k-12k,网营科技,杭州网营科技股份有限公司
150-500人,"节日礼物,带薪年假,年度旅游,定期体检",1-3年,本科,数据分析师,8k-15k,保险师 · 微易信息科技,杭州微易信息科技有限公司
150-500人,"绩效奖金,带薪年假,交通补助,午餐补助",3-5年,本科,数据分析师,10k-16k,崇汉科技,浙江崇汉信息科技有限公司
500-2000人,"节日礼物,专项奖金,带薪年假,扁平管理",3-5年,本科,数据分析师,15k-25k,51信用卡管家,杭州恩牛网络技术有限公司
500-2000人,"技能培训,年底双薪,节日礼物,绩效奖金",3-5年,本科,数据分析师(J10771),15k-25k,微医集团,微医集团（浙江）有限公司
50-150人,"岗位晋升,五险一金,股票期权,年终分红",不限,本科,数据分析师,6k-10k,昌宁号,云南昌宁号茶资源开发有限公司
2000人以上,"年终分红,绩效奖金,年底双薪,交通补助",3-5年,硕士,数据分析师,15k-30k,税友软件,税友软件集团股份有限公司
50-150人,"专项奖金,绩效奖金,岗位晋升,年度旅游",不限,本科,数据分析师,6k-10k,一片林网络,浙江一片林网络科技有限公司
150-500人,"股票期权,带薪年假,弹性工作,交通补助",5-10年,本科,资深数据分析师,15k-30k,霖梓控股,浙江霖梓控股有限公司
500-2000人,,1-3年,本科,数据分析师,8k-10k,格上出行,格上出行服务有限公司
50-150人,"绩效奖金,年终分红,弹性工作,五险一金",3-5年,本科,数据分析师,9k-15k,杭州祖瑜数据科技有限公司,杭州祖瑜数据科技有限公司
500-2000人,"技能培训,股票期权,绩效奖金,岗位晋升",3-5年,本科,数据分析师-杭州-00400,10k-20k,同盾科技,同盾科技有限公司
150-500人,,不限,本科,数据分析师,12k-24k,鲸灵集团,宁波鲸灵网络科技有限公司
500-2000人,"绩效奖金,五险一金,节日礼物,定期体检",3-5年,本科,数据分析师,15k-25k,光云科技,杭州光云科技股份有限公司
500-2000人,"节日礼物,技能培训,绩效奖金,年度旅游",1-3年,本科,数据分析师,10k-15k,森马电商,浙江森马电子商务有限公司
150-500人,"节日礼物,岗位晋升,年度旅游,扁平管理",3-5年,本科,资深数据分析,20k-35k,青团社,杭州弧途科技有限公司
2000人以上,"午餐补助,带薪年假,定期体检,年度旅游",3-5年,大专,数据分析专员,6k-9k,江南布衣,江南布衣服饰有限公司
2000人以上,"扁平管理,弹性工作,大厨定制三餐,就近租房补贴",3-5年,本科,数据分析师-企业SaaS应用,20k-40k,字节跳动,北京字节跳动科技有限公司
2000人以上,"节日礼物,年底双薪,股票期权,带薪年假",1-3年,大专,数据分析,6k-8k,华苏科技,南京华苏科技有限公司
150-500人,,3-5年,本科,数据分析师（业务）,10k-15k,牛富软件,湖北牛富软件有限公司
15-50人,,10年以上,不限,资深数据分析师,20k-40k,同盾信研,广州同盾信研科技有限公司
150-500人,"带薪年假,定期体检,丰厚年终奖金,午餐补助",3-5年,本科,资深数据分析师-杭州-00544,15k-30k,年糕妈妈,杭州智聪网络科技有限公司
50-150人,"开放式办公,扁平管理,带薪假期,弹性工作时间",3-5年,本科,资深数据分析师,15k-25k,多准大数据,杭州多准数据技术有限公司
50-150人,,3-5年,本科,数据分析专家,18k-28k,大箴（杭州）科技有限公司,大箴（杭州）科技有限公司
150-500人,"技能培训,节日礼物,年底双薪,带薪年假",1-3年,本科,数据分析师,6k-12k,Nascent,厦门南讯软件科技有限公司
500-2000人,"绩效奖金,股票期权,年底双薪,专项奖金",不限,不限,数据分析师（咨询部）,10k-15k,个推,浙江每日互动网络科技股份有限公司
500-2000人,"绩效奖金,股票期权,年底双薪,专项奖金",1-3年,本科,数据分析师,12k-24k,个推,浙江每日互动网络科技股份有限公司
50-150人,"开放式办公,扁平管理,带薪假期,弹性工作时间",5-10年,本科,数据分析总监,40k-50k,多准大数据,杭州多准数据技术有限公司
500-2000人,"两次加薪,弹性工作,期权丰厚,两次晋升",3-5年,本科,资深数据分析师,19k-28k,酷家乐,杭州群核信息技术有限公司
2000人以上,"年底双薪,带薪年假,股票期权,绩效奖金",5-10年,本科,数据分析专家,35k-50k,蚂蚁金服集团,支付宝（杭州）信息技术有限公司
500-2000人,"技能培训,领导好,美女多,帅哥多",3-5年,本科,资深数据分析师,20k-35k,中国婚博会,上海婚家婴会展服务有限公司成都分公司
150-500人,"股票期权,带薪年假,弹性工作,交通补助",3-5年,本科,高级数据分析师,15k-20k,霖梓控股,浙江霖梓控股有限公司
2000人以上,"交通补助,通讯津贴,年度旅游,年终奖",3-5年,不限,资深数据分析师,16k-25k,浙江执御信息技术有限公司,浙江执御信息技术有限公司
2000人以上,"交通补助,通讯津贴,年度旅游,年终奖",5-10年,本科,数据分析专家（商业）,20k-30k,浙江执御信息技术有限公司,浙江执御信息技术有限公司
500-2000人,"技能培训,股票期权,绩效奖金,岗位晋升",3-5年,本科,资深数据分析顾问-01508,10k-20k,同盾科技,同盾科技有限公司
2000人以上,"技能培训,Geek,开放,扁平管理",5-10年,本科,数据分析专家03-10-217,20k-40k,大搜车,杭州大搜车汽车服务有限公司
2000人以上,"扁平管理,弹性工作,大厨定制三餐,就近租房补贴",不限,本科,数据分析经理,15k-25k,字节跳动,北京字节跳动科技有限公司
2000人以上,"技能培训,Geek,开放,扁平管理",3-5年,本科,资深数据分析师03-06-153,15k-25k,大搜车,杭州大搜车汽车服务有限公司
150-500人,"专业红娘牵线,节日礼物,技能培训,岗位晋升",5-10年,本科,数据分析专家,20k-30k,睿琪软件,杭州睿琪软件有限公司
50-150人,"开放式办公,扁平管理,带薪假期,弹性工作时间",5-10年,本科,数据分析专家,25k-50k,多准大数据,杭州多准数据技术有限公司
2000人以上,"技能培训,Geek,开放,扁平管理",5-10年,本科,高级/资深数据分析师,18k-35k,大搜车,杭州大搜车汽车服务有限公司
2000人以上,"节日礼物,技能培训,免费班车,带薪年假",3-5年,本科,资深数据分析师,20k-40k,网易,网易（杭州）网络有限公司
50-150人,"年底双薪,专项奖金,美女多,弹性工作",5-10年,本科,数据分析专家,25k-40k,接力棒,杭州接力棒科技有限公司
2000人以上,"五险一金,周末双休,全员mac,全额公积金",3-5年,本科,资深数据分析师(J10797),15k-25k,小电,北京伊电园网络科技有限公司
500-2000人,"技能培训,股票期权,绩效奖金,岗位晋升",5-10年,本科,数据分析专家-杭州-01765,25k-40k,同盾科技,同盾科技有限公司
500-2000人,"绩效奖金,股票期权,五险一金,午餐补助",5-10年,本科,00037-资深数据分析师/数据分析专家,20k-40k,云集,云集共享科技有限公司
150-500人,"年底双薪,绩效奖金,带薪年假,定期体检",1-3年,本科,数据分析师/BI,10k-15k,老爸评测,杭州老爸评测科技有限公司
150-500人,"海量大数据,世界级产品,AI,智能供应链",3-5年,本科,高级数据分析师,20k-30k,Club Factory,杭州嘉云数据科技有限公司
150-500人,,3-5年,本科,资深数据分析师 (MJ000088),15k-25k,政采云,政采云有限公司
500-2000人,"节日礼物,出国旅游,自主晋升计划,买手战略",3-5年,本科,资深数据分析师,15k-20k,蘑菇街,杭州卷瓜网络有限公司
500-2000人,"绩效奖金,股票期权,五险一金,午餐补助",3-5年,不限,资深数据分析/数据分析专家G00796,20k-40k,云集,云集共享科技有限公司
150-500人,"带薪年假,扁平管理,技能培训,节日礼物",1-3年,本科,高级数据分析师,12k-20k,古茗茶饮,浙江古茗科技有限公司
2000人以上,"行业爆炸,扁平管理,“家”文化,牛人团队",3-5年,本科,数据分析专家（智能化）,13k-25k,传化智联,传化物流集团有限公司
500-2000人,"节日礼物,技能培训,绩效奖金,年度旅游",不限,硕士,数据分析实习,4k-5k,如涵控股,杭州如涵控股股份有限公司
2000人以上,"大数据软件,技能培训,节日礼物,年底双薪",5-10年,本科,数据分析工程师,15k-25k,东方国信,北京东方国信科技股份有限公司
50-150人,"定期体检,带薪年假,绩效奖金,股票期权",3-5年,本科,高级数据分析师,18k-30k,雅乐科技,杭州雅乐互动科技有限公司
150-500人,"节日礼物,带薪年假,年度旅游,定期体检",1年以下,本科,数据分析实习生,3k-5k,保险师 · 微易信息科技,杭州微易信息科技有限公司
500-2000人,"扁平管理,弹性工作,期权",不限,不限,高级/资深药学数据分析师（Insight）,10k-20k,丁香园,观澜网络（杭州）有限公司
50-150人,"带薪年假,定期体检,绩效奖金,节日礼物",5-10年,本科,高级数据分析工程师,18k-36k,云栖城市大脑科技,云栖城市大脑科技（杭州）有限公司
500-2000人,"扁平管理,弹性工作,期权",3-5年,不限,ECD-高级数据分析师,15k-25k,丁香园,观澜网络（杭州）有限公司
500-2000人,"包午餐晚餐,奖金多多多,零食下午茶,全员出国游",1-3年,本科,高级数据分析师,8k-16k,兑吧,杭州兑吧网络科技有限公司
15-50人,"节日礼物,技能培训,岗位晋升,年度旅游",1-3年,本科,数据分析师,5k-6k,真气环保,杭州真气环保科技有限公司
150-500人,"节日礼物,带薪年假,年度旅游,定期体检",5-10年,本科,高级数据分析师,15k-30k,保险师 · 微易信息科技,杭州微易信息科技有限公司
50-150人,"定期体检,帅哥多,领导好,美女多",1-3年,硕士,商业数据分析师,9k-15k,微链,南京有链网络科技有限公司
150-500人,"股票期权,带薪年假,弹性工作,交通补助",1-3年,本科,电商数据分析,10k-15k,霖梓控股,浙江霖梓控股有限公司
500-2000人,"绩效奖金,股票期权,专项奖金,五险一金",1-3年,本科,IT数据分析专员,6k-8k,杭州悠可,杭州悠可化妆品有限公司
50-150人,,3-5年,本科,数据分析高级专家,20k-30k,大箴（杭州）科技有限公司,大箴（杭州）科技有限公司
150-500人,"扁平管理,岗位晋升,五险一金,技能培训",3-5年,大专,数据分析产品经理,20k-40k,广通软件,北京广通信达软件股份有限公司杭州分公司
150-500人,"年终分红,绩效奖金,定期体检,年底双薪",3-5年,本科,财务数据分析师,10k-20k,顺联动力,浙江顺联网络科技有限公司
500-2000人,"绩效奖金,股票期权,年底双薪,专项奖金",不限,本科,数据分析建模,15k-30k,个推,浙江每日互动网络科技股份有限公司
2000人以上,"技能培训,免费班车,专项奖金,岗位晋升",应届毕业生,不限,数据分析,8k-15k,圆通,圆通速递有限公司
150-500人,"股票期权,绩效奖金,专项奖金,年终分红",1-3年,本科,医药数据分析,15k-30k,康策网络,杭州康策网络科技有限公司
2000人以上,"带薪年假,定期体检,免费班车,领导好",应届毕业生,本科,数据分析师（社招P6）,14k-28k,同花顺,杭州同花顺数据开发有限公司
2000人以上,,不限,本科,bi工程师/数据分析,25k-45k,突思,新突思电子科技（上海）有限公司
500-2000人,"两次加薪,弹性工作,期权丰厚,两次晋升",应届毕业生,本科,数据分析师（2020校招-杭州）,12k-18k,酷家乐,杭州群核信息技术有限公司
500-2000人,"技能培训,免息贷款,岗位晋升,扁平管理",应届毕业生,本科,校招岗位：数据分析师,10k-13k,畅唐网络,浙江畅唐网络股份有限公司
500-2000人,"绩效奖金,股票期权,五险一金,午餐补助",应届毕业生,硕士,数据分析师【2020届校招】G00880,10k-15k,云集,云集共享科技有限公司
2000人以上,"带薪年假,通讯津贴,定期体检,午餐补助",应届毕业生,本科,数据分析师（2020届）,3k-5k,鼎捷软件,鼎捷软件股份有限公司
150-500人,,3-5年,本科,数据分析,15k-25k,新南方影视,江苏新南方影视文化有限公司苏州分公司
50-150人,"节日礼物,带薪年假,绩效奖金,岗位晋升",3-5年,本科,数据分析师,10k-20k,胄天科技,浙江胄天科技股份有限公司
150-500人,"海量大数据,世界级产品,AI,智能供应链",应届毕业生,本科,数据分析师,8k-15k,Club Factory,杭州嘉云数据科技有限公司
15-50人,"弹性工作,技能培训,五险一金",3-5年,大专,市场专员兼数据分析师,6k-8k,杭州光奇犇乐电子商务有限公司,杭州光奇犇乐电子商务有限公司
150-500人,"技能培训,股票期权,带薪年假,绩效奖金",应届毕业生,本科,业务与数据分析师,9k-15k,览众数据,杭州览众数据科技有限公司
2000人以上,"工程师氛围,弹性工作,扁平管理,上班不打卡",1-3年,不限,大数据开发工程师,20k-40k,有赞,杭州有赞科技有限公司
150-500人,"股票期权,弹性工作,领导好,五险一金",应届毕业生,本科,数据分析实习生 (MJ000087),3k-4k,袋鼠云,杭州玳数科技有限公司
2000人以上,"工程师氛围,弹性工作,扁平管理,上班不打卡",不限,不限,数据仓库工程师,20k-40k,有赞,杭州有赞科技有限公司
15-50人,,1-3年,本科,数据分析师,10k-13k,杭州众数信息技术有限公司,杭州众数信息技术有限公司
500-2000人,"专项奖金,股票期权,带薪年假,绩效奖金",3-5年,硕士,大数据开发工程师,15k-25k,ZOOM,软视视频软件（杭州）有限公司
150-500人,,应届毕业生,大专,数据分析实习,3k-4k,迪欧达,浙江迪欧达实业有限公司
500-2000人,"5星办公环境,年底奖金,团队牛B,五险一金",1-3年,本科,大数据开发,15k-25k,涂鸦智能,杭州涂鸦信息技术有限公司
50-150人,"股票期权,绩效奖金,带薪年假,弹性工作",应届毕业生,本科,数据分析实习生,3k-5k,观远数据,杭州观数信息科技有限公司
2000人以上,"技能培训,节日礼物,年底双薪,带薪年假",不限,本科,bi数据分析师,15k-25k,百世物流,浙江百世技术有限公司
50-150人,,5-10年,本科,数据分析专家,25k-40k,睿若食品,上海睿若食品有限公司
500-2000人,"年终分红,午餐补助,年底双薪,全额五险一金",3-5年,本科,大数据开发工程师,20k-35k,呆萝卜,安徽菜菜电子商务有限公司
500-2000人,"5星办公环境,年底奖金,团队牛B,五险一金",5-10年,本科,大数据开发工程师,15k-30k,涂鸦智能,杭州涂鸦信息技术有限公司
50-150人,"带薪年假,午餐补助",3-5年,本科,bi数据分析师,15k-25k,装点文化,杭州装点文化创意有限公司
500-2000人,"扁平管理,弹性工作,软妹子集中营,股票期权",3-5年,本科,数据仓库工程师,15k-25k,点我达,浙江仟和网络科技有限公司
150-500人,"带薪年假,定期体检,专项奖金,股票期权",1-3年,本科,数据开发工程师,10k-20k,浙江远图互联科技股份有限公司,浙江远图互联科技股份有限公司
2000人以上,"工程师氛围,弹性工作,扁平管理,上班不打卡",应届毕业生,本科,大数据开发工程师-2020校招,10k-20k,有赞,杭州有赞科技有限公司
50-150人,"绩效奖金,年度旅游,管理规范,带薪年假",3-5年,本科,大数据工程师,15k-30k,昵图网,杭州昵图信息技术有限公司
500-2000人,"弹性工作,五险一金,周末双休,节日礼物",3-5年,本科,BI数据分析师,25k-40k,名融网络,杭州名融网络有限公司
500-2000人,"带薪年假,扁平管理,股票期权,定期体检",3-5年,本科,数据开发工程师,13k-23k,数梦工场,杭州数梦工场科技有限公司
500-2000人,"股票期权,带薪年假,绩效奖金,年终分红",3-5年,不限,数据仓库,20k-30k,海拍客,杭州洋驼网络科技有限公司
150-500人,"海量大数据,世界级产品,AI,智能供应链",3-5年,不限,定价分析师 (MJ000369),15k-30k,Club Factory,杭州嘉云数据科技有限公司
2000人以上,"技能培训,节日礼物,年底双薪,带薪年假",不限,本科,大数据开发工程师,13k-25k,百世物流,浙江百世技术有限公司
500-2000人,"绩效奖金,股票期权,年底双薪,专项奖金",3-5年,本科,大数据开发工程师,15k-25k,美柚,厦门美柚信息科技有限公司
500-2000人,"年底双薪,节日礼物,免费班车,股票期权",5-10年,本科,大数据总监 (MJ000459),30k-50k,连连支付,连连银通电子支付有限公司
500-2000人,"扁平管理,弹性工作,期权",1-3年,本科,数据研发工程师,10k-20k,丁香园,观澜网络（杭州）有限公司
150-500人,"年底双薪,股票期权,绩效奖金,带薪年假",3-5年,硕士,大数据开发工程师,20k-40k,禾连健康,浙江禾连网络科技有限公司
500-2000人,"技能培训,股票期权,绩效奖金,岗位晋升",3-5年,本科,大数据研发工程师,20k-30k,同盾科技,同盾科技有限公司
2000人以上,"六险一金,不打卡,姨妈假,扁平管理",1-3年,本科,数据产品经理-杭州,15k-30k,Fordeal,广州哆啦科技有限公司
2000人以上,"年底双薪,带薪年假,股票期权,绩效奖金",5-10年,本科,数据研发工程师/技术专家（财富事业群）,35k-60k,蚂蚁金服集团,支付宝（杭州）信息技术有限公司
500-2000人,"年终分红,午餐补助,年底双薪,全额五险一金",3-5年,大专,BI数据分析师,25k-45k,呆萝卜,安徽菜菜电子商务有限公司
50-150人,"技能培训,节日礼物,股票期权,专项奖金",1-3年,大专,大数据开发工程师（Java方向）,15k-30k,英语趣配音,杭州菲助科技有限公司
150-500人,"年终奖金,做五休二,六险一金,子女福利",3-5年,本科,大数据开发工程师,18k-30k,仟金顶,仟金顶网络科技有限公司
500-2000人,"五险一金,午餐补助,通讯津贴,年底双薪",3-5年,本科,00376-大数据开发工程师,25k-35k,亿咖通科技,浙江亿咖通科技有限公司
500-2000人,"节日礼物,专项奖金,带薪年假,扁平管理",不限,本科,大数据开发实习生,5k-7k,51信用卡管家,杭州恩牛网络技术有限公司
500-2000人,"五险一金,午餐补助,通讯津贴,年底双薪",3-5年,本科,00402-大数据开发工程师,20k-35k,亿咖通科技,浙江亿咖通科技有限公司
15-50人,"年底双薪,扁平管理,五险一金,弹性工作",1-3年,本科,数据开发工程师,7k-10k,创邻科技,浙江创邻科技有限公司
50-150人,"年底双薪,股票期权,专项奖金,带薪年假",5-10年,不限,数据中台负责人,35k-55k,蜂站,杭州蜂站科技有限公司
50-150人,"技能培训,专项奖金,带薪年假,绩效奖金",1-3年,大专,数据开发工程师,8k-15k,丈浔科技,杭州丈浔科技有限公司
50-150人,"股票期权,扁平管理,五险一金,带薪年假",3-5年,不限,大数据开发工程师,15k-30k,孚临金科,浙江孚临科技有限公司
2000人以上,,1-3年,本科,数据管理岗,10k-17k,泰隆银行,浙江泰隆商业银行股份有限公司
500-2000人,"年终分红,股票期权,绩效奖金,五险一金",3-5年,本科,威胁分析师,15k-25k,安恒信息,杭州安恒信息技术股份有限公司
150-500人,"绩效奖金,带薪年假,交通补助,午餐补助",3-5年,本科,大数据开发工程师,18k-30k,崇汉科技,浙江崇汉信息科技有限公司
150-500人,"节日礼物,岗位晋升,年度旅游,扁平管理",5-10年,本科,数据技术总监,30k-60k,青团社,杭州弧途科技有限公司
150-500人,"年底双薪,绩效奖金,带薪年假,弹性工作",3-5年,本科,大数据开发工程师,20k-35k,米雅,杭州米雅信息科技有限公司
500-2000人,"生日趴,每月腐败基金,每月补贴,年度旅游",3-5年,本科,数据系统和风控系统产品经理,15k-25k,贝贝网,杭州贝购科技有限公司
15-50人,"带薪年假,年终分红,股票期权,扁平管理",3-5年,本科,高级数据开发工程师,18k-30k,大乘科技,杭州大乘智能科技有限公司
50-150人,,3-5年,本科,数据仓库专家,20k-30k,大箴（杭州）科技有限公司,大箴（杭州）科技有限公司
15-50人,,5-10年,本科,大数据中心负责人,25k-50k,才猫咨询,湖南才猫管理咨询有限公司
50-150人,"绩效奖金,弹性工作,节日礼物,领导好",5-10年,本科,数据仓库工程师,20k-30k,连线网络,理想连线网络技术股份有限公司
150-500人,"岗位晋升,美女多,帅哥多,领导好",3-5年,本科,数据产品经理,15k-25k,安厨控股有限公司,安厨控股有限公司
500-2000人,"5星办公环境,年底奖金,团队牛B,五险一金",5-10年,本科,大数据架构师,30k-40k,涂鸦智能,杭州涂鸦信息技术有限公司
150-500人,"绩效奖金,午餐补助,节日礼物,扁平管理",5-10年,硕士,数据科学家,30k-60k,华坤道威,浙江华坤道威数据科技有限公司
2000人以上,"五险一金,周末双休,全员mac,全额公积金",3-5年,本科,资深大数据开发工程师(J10006),18k-35k,小电,北京伊电园网络科技有限公司
150-500人,"节日礼物,股票期权,带薪年假,年度旅游",3-5年,本科,资深数据工程师,15k-30k,魔筷科技,杭州魔筷科技有限公司
150-500人,"带薪年假,岗位晋升,年度旅游,扁平管理",3-5年,本科,资深数据开发工程师,18k-28k,浙江聚有财,浙江聚有财金融服务外包有限公司
150-500人,"年终奖金,做五休二,六险一金,子女福利",3-5年,本科,数据建模,20k-35k,仟金顶,仟金顶网络科技有限公司
500-2000人,"扁平管理,弹性工作,软妹子集中营,股票期权",应届毕业生,本科,业务分析实习生,2k-4k,点我达,浙江仟和网络科技有限公司
50-150人,"扁平管理,节日礼物,岗位晋升,免费健身",3-5年,本科,数据产品经理,18k-30k,达摩网络,浙江达摩网络科技有限公司
150-500人,"交通补助,午餐补助,通讯津贴,定期体检",5-10年,本科,数据产品经理,18k-28k,八维通科技,八维通科技有限公司
15-50人,"绩效奖金,定期体检,弹性工作,领导好",5-10年,本科,大数据架构师,40k-60k,云呼吸科技,浙江云呼吸科技有限公司
150-500人,"弹性工作,年度旅游,节日礼物,帅哥多",5-10年,本科,大数据架构师,25k-45k,趣链科技,杭州趣链科技有限公司
500-2000人,"年终分红,股票期权,绩效奖金,五险一金",5-10年,本科,数据架构师,20k-40k,安恒信息,杭州安恒信息技术股份有限公司
2000人以上,"弹性工作,节日礼物,岗位晋升,技能培训",5-10年,不限,数据平台部-资深体验设计师(J190605029),30k-40k,滴滴,北京嘀嘀无限科技发展有限公司
500-2000人,"带薪年假,年度旅游,岗位晋升,扁平管理",5-10年,本科,大数据架构师,30k-50k,爱财集团,爱财科技有限公司
150-500人,"带薪年假,五险一金,双休,午餐补助",不限,本科,数据建模工程师,20k-35k,威佩,杭州威佩网络科技有限公司
500-2000人,"年底多薪,岗位晋升,定期体检,五险一金",5-10年,本科,数据产品经理 (MJ000982),20k-35k,挖财,挖财网络技术有限公司
50-150人,"股票期权,绩效奖金,带薪年假,弹性工作",3-5年,硕士,算法专家/数据科学家,25k-40k,观远数据,杭州观数信息科技有限公司
50-150人,,3-5年,本科,需求分析师,15k-20k,衍锐科技,衍锐科技（杭州）有限公司
150-500人,"年终奖金,做五休二,六险一金,子女福利",不限,本科,大数据建模总监,30k-50k,仟金顶,仟金顶网络科技有限公司
50-150人,"股票期权,绩效奖金,带薪年假,弹性工作",5-10年,本科,数据解决方案技术专家,20k-30k,观远数据,杭州观数信息科技有限公司
500-2000人,"股票期权,带薪年假,绩效奖金,年终分红",5-10年,本科,财务财务分析师,10k-20k,海拍客,杭州洋驼网络科技有限公司
150-500人,"岗位晋升,美女多,帅哥多,领导好",3-5年,本科,数据产品经理,15k-25k,安厨控股有限公司,安厨控股有限公司
150-500人,"定期体检,午餐补助,带薪年假,弹性工作",不限,硕士,游戏运营数据分析研究生,4k-6k,妙聚网络,杭州妙聚网络科技有限公司
500-2000人,"节日礼物,专项奖金,带薪年假,扁平管理",3-5年,不限,决策分析专家,15k-25k,51信用卡管家,杭州恩牛网络技术有限公司
2000人以上,"五险一金,周末双休,全员mac,全额公积金",3-5年,本科,资深大数据开发工程师(J10006),18k-35k,小电,北京伊电园网络科技有限公司
500-2000人,"生日趴,每月腐败基金,每月补贴,年度旅游",3-5年,本科,数据系统和风控系统产品经理,15k-25k,贝贝网,杭州贝购科技有限公司
50-150人,"年底双薪,股票期权,专项奖金,带薪年假",5-10年,不限,数据中台负责人,35k-55k,蜂站,杭州蜂站科技有限公司
50-150人,"股票期权,扁平管理,五险一金,带薪年假",3-5年,不限,大数据开发工程师,15k-30k,孚临金科,浙江孚临科技有限公司
150-500人,"绩效奖金,带薪年假,交通补助,午餐补助",3-5年,本科,大数据开发工程师,18k-30k,崇汉科技,浙江崇汉信息科技有限公司
50-150人,,3-5年,本科,etl数据开发工程师,13k-20k,磐策科技,杭州磐策科技有限公司
150-500人,"年终奖金,做五休二,六险一金,子女福利",3-5年,本科,数据建模,20k-35k,仟金顶,仟金顶网络科技有限公司
150-500人,"节日礼物,股票期权,带薪年假,年度旅游",3-5年,本科,资深数据工程师,15k-30k,魔筷科技,杭州魔筷科技有限公司
150-500人,"年底双薪,大数据,带薪年假,通讯津贴",应届毕业生,不限,大数据开发工程师,15k-30k,数美,北京数美时代科技有限公司
500-2000人,"年底多薪,岗位晋升,定期体检,五险一金",不限,不限,服务运营专员（数据分析方向） (MJ001143),7k-10k,挖财,挖财网络技术有限公司
50-150人,"股票期权,绩效奖金,带薪年假,弹性工作",3-5年,硕士,算法专家/数据科学家,25k-40k,观远数据,杭州观数信息科技有限公司
50-150人,"股票期权,绩效奖金,带薪年假,弹性工作",5-10年,本科,数据解决方案技术专家,20k-30k,观远数据,杭州观数信息科技有限公司
500-2000人,"年底多薪,岗位晋升,定期体检,五险一金",1-3年,本科,商务数据运营 (MJ001155),10k-15k,挖财,挖财网络技术有限公司
2000人以上,"弹性工作,节日礼物,岗位晋升,技能培训",5-10年,不限,数据平台部-资深体验设计师(J190605029),30k-40k,滴滴,北京嘀嘀无限科技发展有限公司
150-500人,"年终奖金,做五休二,六险一金,子女福利",不限,本科,大数据建模总监,30k-50k,仟金顶,仟金顶网络科技有限公司
500-2000人,"节日礼物,专项奖金,带薪年假,扁平管理",3-5年,不限,决策分析专家,15k-25k,51信用卡管家,杭州恩牛网络技术有限公司
150-500人,,3-5年,本科,资深数据分析师 (MJ000088),15k-25k,政采云,政采云有限公司
150-500人,"带薪年假,五险一金,双休,午餐补助",不限,本科,数据建模工程师,20k-35k,威佩,杭州威佩网络科技有限公司
500-2000人,"技能培训,年底双薪,节日礼物,绩效奖金",3-5年,本科,数据产品经理(J10673),25k-35k,微医集团,微医集团（浙江）有限公司
50-150人,,5-10年,本科,数据产品经理,25k-35k,威斯科技,威斯科技（苏州）有限公司
2000人以上,"五险一金,周末双休,全员mac,全额公积金",3-5年,本科,数据产品经理(J10012),15k-30k,小电,北京伊电园网络科技有限公司
150-500人,"定期体检,午餐补助,带薪年假,弹性工作",不限,硕士,游戏运营数据分析研究生,4k-6k,妙聚网络,杭州妙聚网络科技有限公司
500-2000人,"节日礼物,股票期权,带薪年假,绩效奖金",1-3年,大专,数据产品经理（产品化方向）,15k-22k,博采网络,杭州博采网络科技股份有限公司
2000人以上,"午餐补助,带薪年假,定期体检,年度旅游",5-10年,本科,商业智能数据工程师,15k-25k,江南布衣,江南布衣服饰有限公司
150-500人,"股票期权,带薪年假,岗位晋升,年底三薪",3-5年,本科,产品经理（数据）,20k-30k,微脉,杭州求是同创网络科技有限公司
150-500人,,3-5年,本科,财务分析,15k-25k,鲸灵集团,宁波鲸灵网络科技有限公司
500-2000人,"优惠购车,定期调薪,广阔平台,福利丰厚",5-10年,本科,资深数据产品经理,20k-40k,曹操出行,杭州优行科技有限公司
500-2000人,"带薪年假,五险一金,弹性打卡,企业滴滴",3-5年,本科,高级数据仓库工程师,12k-20k,汽车超人,特维轮网络科技（杭州）有限公司
500-2000人,"包午餐晚餐,奖金多多多,零食下午茶,全员出国游",3-5年,本科,数据产品经理,15k-25k,兑吧,杭州兑吧网络科技有限公司
15-50人,"绩效奖金,定期体检,弹性工作,领导好",5-10年,本科,大数据架构师,40k-60k,云呼吸科技,浙江云呼吸科技有限公司
500-2000人,"两次加薪,弹性工作,期权丰厚,两次晋升",应届毕业生,本科,数据仓库实习生,4k-5k,酷家乐,杭州群核信息技术有限公司
50-150人,"带薪年假,定期体检,扁平管理,五险一金",1-3年,本科,数据运营,5k-10k,杭州祖玛,杭州祖玛科技有限公司
500-2000人,"节日礼物,专项奖金,带薪年假,绩效奖金",1-3年,本科,数据运营,8k-15k,百草味,杭州郝姆斯食品有限公司
2000人以上,"绩效奖金,年底双薪,股票期权,交通补助",5-10年,本科,资深数据运营(J11749),15k-25k,哈啰出行,上海钧正网络科技有限公司
50-150人,"带薪年假,绩效奖金,领导好,扁平管理",3-5年,本科,大数据分析工程师,10k-20k,海南海商椰网传媒科技有限公司宁波分公司,海南海商椰网传媒科技有限公司宁波分公司
150-500人,"股票期权,带薪年假,年度旅游,美女多",3-5年,本科,高级数据运营,7k-14k,宋小菜,杭州小农网络科技有限公司
500-2000人,"技能培训,股票期权,带薪年假,岗位晋升",1-3年,本科,数据运营专家,15k-20k,校宝在线,校宝在线（杭州）科技股份有限公司
150-500人,"节日礼物,带薪年假,年度旅游,管理规范",3-5年,不限,数据运营专员,12k-16k,e签宝,杭州天谷信息科技有限公司
150-500人,"节日礼物,带薪年假,年度旅游,定期体检",3-5年,本科,财务分析经理,15k-25k,保险师 · 微易信息科技,杭州微易信息科技有限公司
50-150人,"午餐补助,年度旅游,弹性工作,领导好",不限,本科,数据运营,6k-10k,爱自拍,杭州格像科技有限公司
150-500人,"绩效奖金,午餐补助,节日礼物,领导好",5-10年,不限,大数据分析工程师,15k-22k,微选,杭州京美君和信息技术有限公司
500-2000人,"准独角兽,股票期权,五险一金,弹性工作",不限,本科,产品数据运营助理,4k-6k,金柚网,杭州今元标矩科技有限公司
500-2000人,"带薪年假,午餐补助,交通补助,节日礼物",不限,本科,高级数据运营,15k-25k,街电科技,深圳街电科技有限公司
2000人以上,"弹性工作,节日礼物,岗位晋升,技能培训",5-10年,本科,规则&数据运营专家(J190730006),25k-35k,滴滴,北京嘀嘀无限科技发展有限公司
50-150人,,3-5年,本科,etl数据开发工程师,13k-20k,磐策科技,杭州磐策科技有限公司
2000人以上,"扁平管理,弹性工作,大厨定制三餐,就近租房补贴",不限,本科,数据运营负责人,20k-35k,字节跳动,北京字节跳动科技有限公司
50-150人,"绩效奖金,股票期权,带薪年假,节日礼物",不限,本科,平台数据运营,6k-12k,初选旅行,杭州初选信息技术有限公司
150-500人,"午餐补助,绩效奖金,带薪年假,股票期权",1-3年,大专,数据运营,8k-15k,益万贝信息技术有限公司,浙江金华益万贝信息技术有限公司
500-2000人,"年底多薪,岗位晋升,定期体检,五险一金",不限,不限,服务运营专员（数据分析方向） (MJ001143),7k-10k,挖财,挖财网络技术有限公司
500-2000人,,3-5年,本科,数据仓库工程师,13k-20k,宁波水表,宁波水表股份有限公司
500-2000人,"年底多薪,岗位晋升,定期体检,五险一金",1-3年,本科,商务数据运营 (MJ001155),10k-15k,挖财,挖财网络技术有限公司
2000人以上,"年底双薪,带薪年假,股票期权,绩效奖金",应届毕业生,本科,蚂蚁金服财富-资深数据研发工程师/专家,30k-60k,蚂蚁金服集团,支付宝（杭州）信息技术有限公司
2000人以上,"弹性工作,节日礼物,岗位晋升,技能培训",5-10年,本科,用户增长专家（数据分析方向）(J190806008),15k-30k,滴滴,北京嘀嘀无限科技发展有限公司
2000人以上,"节日礼物,绩效奖金,年度旅游,岗位晋升",5-10年,本科,业务bi分析专家_杭州,25k-40k,饿了么,拉扎斯网络科技（上海）有限公司
500-2000人,"带薪年假,五险一金,弹性打卡,企业滴滴",3-5年,本科,高级数据仓库工程师,12k-20k,汽车超人,特维轮网络科技（杭州）有限公司
50-150人,"绩效奖金,年终分红,专项奖金,节日礼物",1-3年,本科,新媒体数据运营,6k-12k,杭州马到网络科技有限公司,杭州马到网络科技有限公司
15-50人,"股票期权,带薪年假,扁平管理,岗位晋升",1-3年,本科,品牌大数据专家,8k-15k,淘气猫,杭州米丞相科技有限公司
150-500人,"带薪年假,午餐补助,绩效奖金,领导好",3-5年,本科,风控策略分析师,15k-30k,邦盛科技,浙江邦盛科技有限公司
150-500人,"带薪年假,午餐补助,绩效奖金,领导好",3-5年,本科,风控建模分析师,15k-30k,邦盛科技,浙江邦盛科技有限公司
500-2000人,"包午餐晚餐,奖金多多多,零食下午茶,全员出国游",3-5年,本科,DMP数据产品经理,25k-50k,兑吧,杭州兑吧网络科技有限公司
2000人以上,"绩效奖金,年底双薪,股票期权,交通补助",3-5年,本科,经营分析专家(J11702),15k-25k,哈啰出行,上海钧正网络科技有限公司
500-2000人,,3-5年,本科,数据实施工程师,11k-18k,城云科技,城云科技（中国）有限公司
50-150人,"股票期权,年终分红,领导好,扁平管理",3-5年,本科,高级风控策略分析师,20k-30k,公信宝,杭州存信数据科技有限公司
150-500人,"节日礼物,技能培训,绩效奖金,岗位晋升",5-10年,本科,大数据分析,17k-24k,吉利集团（易云科技）,杭州吉利易云科技有限公司
150-500人,"股票期权,带薪年假,弹性工作,交通补助",1-3年,本科,数据挖掘工程师,10k-20k,霖梓控股,浙江霖梓控股有限公司
50-150人,"大牛团队,扁平管理,年底双薪,股票期权",1-3年,本科,数据挖掘,15k-25k,知衣科技,杭州知衣科技有限公司
2000人以上,"技能培训,免费班车,专项奖金,岗位晋升",3-5年,本科,营运专员（数据营运）,10k-15k,圆通,圆通速递有限公司
150-500人,"股票期权,带薪年假,岗位晋升,年底三薪",3-5年,本科,产品经理（数据）,20k-30k,微脉,杭州求是同创网络科技有限公司
150-500人,"午餐补助,通讯津贴,定期体检,带薪年假",3-5年,硕士,高级数据挖掘工程师,25k-35k,杭州雅拓,杭州雅拓信息技术有限公司
15-50人,,3-5年,不限,区域销售经理,15k-30k,云表汇通,杭州云表汇通科技有限公司
50-150人,"五险一金,带薪年假,节日礼物,定期体检",1-3年,本科,数据库dba,10k-15k,爆米花网,杭州爆米花科技股份有限公司
150-500人,"技能培训,股票期权,带薪年假,绩效奖金",1-3年,硕士,数据挖掘工程师,15K-25K,览众数据,杭州览众数据科技有限公司
150-500人,"年底双薪,五险一金,带薪年假,节日礼物",3-5年,本科,数据挖掘工程师,15k-25k,触手直播,杭州开迅科技有限公司
50-150人,,3-5年,本科,数据挖掘工程师,25k-45k,威斯科技,威斯科技（苏州）有限公司
500-2000人,"美女多,六险一金,快乐高效文化,绩效奖金",3-5年,本科,APP推广,10k-20k,婚礼纪,杭州火烧云科技有限公司
150-500人,"股票期权,弹性工作,领导好,五险一金",5-10年,本科,数仓架构师 (MJ000189),20k-40k,袋鼠云,杭州玳数科技有限公司
50-150人,"节日礼物,专项奖金,14薪制,绩效奖金",1-3年,本科,数据挖掘工程师,12k-20k,贝安云,杭州贝安云科技有限公司
15-50人,,1-3年,本科,java开发工程师,8k-16k,云表汇通,杭州云表汇通科技有限公司
15-50人,,3-5年,本科,产品经理,8k-16k,云表汇通,杭州云表汇通科技有限公司
150-500人,"年底双薪,节日礼物,岗位晋升,通讯津贴",1-3年,本科,结算专员,6k-7k,浙江保融,浙江保融科技有限公司
50-150人,"带薪年假,人工智能,智能办公,美女多",5-10年,本科,高级产品经理,15k-25k,魔点科技,杭州魔点科技有限公司
50-150人,"带薪年假,人工智能,智能办公,美女多",3-5年,本科,产品经理,13k-18k,魔点科技,杭州魔点科技有限公司
150-500人,"岗位晋升,年度旅游,年底双薪,午餐补助",5-10年,本科,高级产品经理,25k-35k,微拍堂,杭州微拍堂文化创意有限公司
150-500人,"股票期权,带薪年假,年度旅游,美女多",3-5年,本科,产品经理-ERP,15k-25k,宋小菜,杭州小农网络科技有限公司
150-500人,"岗位晋升,年度旅游,年底双薪,午餐补助",5-10年,本科,用户运营经理,30k-40k,微拍堂,杭州微拍堂文化创意有限公司
150-500人,"岗位晋升,年度旅游,年底双薪,午餐补助",3-5年,本科,用户运营,11k-20k,微拍堂,杭州微拍堂文化创意有限公司
500-2000人,"弹性工作,美女多,牛人多,扁平管理",3-5年,本科,内容运营主管,10k-15k,心理壹点灵,上海袋虎信息技术有限公司
500-2000人,"扁平管理,弹性工作,软妹子集中营,股票期权",3-5年,本科,管控运营,15k-25k,点我达,浙江仟和网络科技有限公司
150-500人,"年终分红,绩效奖金,定期体检,年底双薪",3-5年,本科,商家运营主管,10k-20k,顺联动力,浙江顺联网络科技有限公司
150-500人,"绩效奖金,带薪年假,年终分红,帅哥多",3-5年,本科,运营推广（淘客）,10k-18k,大希地,杭州大希地电子商务有限公司
150-500人,"带薪年假,定期体检,丰厚年终奖金,午餐补助",5-10年,本科,架构师/技术专家-杭州-00433,20k-35k,年糕妈妈,杭州智聪网络科技有限公司
500-2000人,"优惠购车,定期调薪,广阔平台,福利丰厚",3-5年,本科,数仓工程师,18k-35k,曹操出行,杭州优行科技有限公司
150-500人,"节日礼物,氛围好,发展好,年度旅游",不限,大专,媒体顾问,6k-12k,多麦,杭州多麦电子商务股份有限公司
150-500人,"年终分红,绩效奖金,定期体检,年底双薪",3-5年,本科,产品运营,15k-30k,顺联动力,浙江顺联网络科技有限公司
150-500人,"带薪年假,定期体检,丰厚年终奖金,午餐补助",5-10年,本科,活动运营-杭州-00443,15k-25k,年糕妈妈,杭州智聪网络科技有限公司
50-150人,"出国旅游,股票期权,精英团队,强悍的创始人",1-3年,本科,海外广告投放,7k-14k,腾展科技,杭州腾展科技股份有限公司
150-500人,"技能培训,节日礼物,股票期权,带薪年假",1-3年,本科,运营策划,6k-12k,会搜股份,杭州会搜科技股份有限公司
50-150人,"年终分红,绩效奖金,领导好,扁平管理",3-5年,不限,高级产品经理,15k-30k,中诚国投,中诚国投融资租赁（广州）有限公司
150-500人,"年底双薪,带薪年假,午餐补助,绩效奖金",1-3年,大专,社群营销专员,6k-12k,浙江天鹂网络科技有限公司杭州分公司,浙江天鹂网络科技有限公司杭州分公司
50-150人,"绩效奖金,五险一金,节日礼物,管理规范",3-5年,本科,APP运营,10k-20k,TOP Network,杭州顶天网络有限公司
50-150人,"一对一师徒制,一年三次晋升,五险一金,提供宿舍",1年以下,本科,SEM,5k-10k,轻松装,北京好易装网络科技有限公司杭州分公司
150-500人,"技能培训,节日礼物,绩效奖金,年度旅游",3-5年,本科,活动运营,7k-14k,淘粉吧,杭州淘粉吧网络技术股份有限公司
50-150人,"一对一师徒制,一年三次晋升,五险一金,提供宿舍",1年以下,不限,活动策划,4k-6k,轻松装,北京好易装网络科技有限公司杭州分公司
150-500人,"岗位晋升,美女多,帅哥多,领导好",3-5年,本科,产品经理,16k-25k,安厨控股有限公司,安厨控股有限公司
150-500人,"年底双薪,专项奖金,提供三餐,便捷班车",5-10年,本科,BI专家,30k-40k,神兔网络,杭州神兔网络科技有限公司
150-500人,"绩效奖金,带薪年假,年终分红,帅哥多",5-10年,本科,CRM运营,10k-20k,大希地,杭州大希地电子商务有限公司
50-150人,"年底双薪,股票期权,带薪年假,午餐补助",3-5年,本科,海外市场推广,8k-16k,星巢网络,杭州星巢网络科技有限公司
2000人以上,"六险一金,不打卡,姨妈假,扁平管理",5-10年,本科,产品专家-杭州,30k-50k,Fordeal,广州哆啦科技有限公司
50-150人,"年底双薪,节日礼物,岗位晋升,管理规范",5-10年,大专,运营经理,15k-20k,盘丝洞网络,杭州盘丝洞网络科技有限公司
15-50人,"带薪年假,午餐补助,股票期权,弹性工作",3-5年,本科,新媒体内容编辑/自媒体文案/软文,7k-14k,光年实验室,杭州溜达网络科技有限公司
50-150人,"出国旅游,股票期权,精英团队,强悍的创始人",5-10年,本科,产品总监/负责人,30k-50k,腾展科技,杭州腾展科技股份有限公司
150-500人,"技能培训,节日礼物,岗位晋升,扁平管理",1-3年,本科,短视频运营,8k-16k,培康食品,杭州培康食品有限公司
15-50人,,不限,大专,运营助理,5k-8k,龙渊网络,浙江龙渊科技网络有限公司
150-500人,"年底双薪,带薪年假,午餐补助,绩效奖金",3-5年,大专,app推广经理,10k-20k,浙江天鹂网络科技有限公司杭州分公司,浙江天鹂网络科技有限公司杭州分公司
2000人以上,"交通补助,通讯津贴,节日礼物,五险一金",5-10年,本科,高级产品经理,15k-30k,吉利汽车,浙江吉利汽车有限公司
50-150人,"带薪年假,绩效奖金,领导好,扁平管理",1-3年,大专,内容运营,7k-12k,海南海商椰网传媒科技有限公司宁波分公司,海南海商椰网传媒科技有限公司宁波分公司
2000人以上,"帅哥多,美女多,领导好,岗位晋升",1-3年,本科,新媒体运营,6k-7k,拓天科技,杭州拓天科技有限公司
150-500人,"畅想姨妈假,全额公积金,全额产假工资,专业育儿团队",1-3年,本科,客户执行,6k-12k,亲宝宝,杭州点望科技有限公司
50-150人,"大牛团队,扁平管理,年底双薪,股票期权",1-3年,本科,深度学习,15k-25k,知衣科技,杭州知衣科技有限公司
150-500人,"绩效奖金,带薪年假,年终分红,帅哥多",3-5年,本科,天猫运营专员/流量专员,8k-16k,大希地,杭州大希地电子商务有限公司
500-2000人,"带薪年假,年度旅游,岗位晋升,扁平管理",3-5年,本科,高级市场投放运营,15k-30k,爱财集团,爱财科技有限公司
150-500人,"带薪年假,交通补助,通讯津贴,午餐补助",1-3年,本科,企业经营管理助理,12k-20k,金科文化,浙江金科文化产业股份有限公司
2000人以上,"交通补助,通讯津贴,节日礼物,五险一金",5-10年,本科,高级产品经理,15k-30k,吉利汽车,浙江吉利汽车有限公司
150-500人,"节日礼物,氛围好,发展好,年度旅游",不限,大专,媒体顾问,5k-10k,多麦,杭州多麦电子商务股份有限公司
500-2000人,"年底双薪,带薪年假,岗位晋升,年度旅游",1-3年,本科,高级活动运营（社交电商）,15k-18k,未来集市,广州未来集市网络技术有限公司
150-500人,"股票期权,带薪年假,定期体检,年度旅游",1-3年,本科,平台运营,7k-12k,Uni-Ubi,杭州宇泛智能科技有限公司
150-500人,"股票期权,带薪年假,扁平化,环境优美",不限,大专,BD,10k-15k,我在家,杭州闪客科技有限公司
500-2000人,"扁平化管理,技术驱动,14薪,六险一金",3-5年,本科,产品经理（新零售方向）,20k-40k,微店,无线生活（北京）信息技术有限公司
150-500人,"技能培训,节日礼物,绩效奖金,年度旅游",3-5年,大专,频道运营,10k-18k,淘粉吧,杭州淘粉吧网络技术股份有限公司
50-150人,"年终分红,绩效奖金,领导好,扁平管理",1-3年,本科,直播推广,10k-20k,中诚国投,中诚国投融资租赁（广州）有限公司
50-150人,"年终分红,绩效奖金,领导好,扁平管理",5-10年,不限,app推广主管,15k-30k,中诚国投,中诚国投融资租赁（广州）有限公司
150-500人,"畅想姨妈假,全额公积金,全额产假工资,专业育儿团队",3-5年,本科,广告策划（高级）,10k-20k,亲宝宝,杭州点望科技有限公司
2000人以上,"六险一金,不打卡,姨妈假,扁平管理",3-5年,本科,商家端产品经理 -商家平台方向（杭州）,20k-30k,Fordeal,广州哆啦科技有限公司
50-150人,"技能培训,年底双薪,股票期权,带薪年假",1-3年,本科,媒介经理,7k-10k,美妆心得,杭州和颜悦色科技有限公司
50-150人,"年底双薪,股票期权,专项奖金,带薪年假",5-10年,本科,运营专家（偏营销活动运营）,15k-25k,蜂站,杭州蜂站科技有限公司
50-150人,"带薪年假,绩效奖金,领导好,扁平管理",1-3年,本科,产品经理,10k-20k,海南海商椰网传媒科技有限公司宁波分公司,海南海商椰网传媒科技有限公司宁波分公司
150-500人,"年底双薪,带薪年假,午餐补助,绩效奖金",1-3年,大专,总经理助理,5k-10k,浙江天鹂网络科技有限公司杭州分公司,浙江天鹂网络科技有限公司杭州分公司
150-500人,"股票期权,带薪年假,定期体检,年度旅游",3-5年,本科,【大数据】产品经理,15k-25k,Uni-Ubi,杭州宇泛智能科技有限公司
50-150人,"一对一师徒制,一年三次晋升,五险一金,提供宿舍",1年以下,大专,运营专员,5k-7k,轻松装,北京好易装网络科技有限公司杭州分公司
150-500人,,5-10年,本科,技术专家（java） (MJ000107),30k-38k,政采云,政采云有限公司
500-2000人,,3-5年,本科,商城产品经理,14k-26k,云呼科技,杭州云呼网络科技有限公司
50-150人,"绩效奖金,五险一金,节日礼物,管理规范",3-5年,本科,区块链应用产品经理,20k-35k,TOP Network,杭州顶天网络有限公司
15-50人,"弹性工作,扁平管理,五险一金,午餐补助",1-3年,本科,积分商城运营,6k-12k,悦时超级会员,杭州悦时网络科技有限公司
50-150人,"绩效奖金,年度旅游,管理规范,带薪年假",3-5年,本科,seo高级优化专员,10k-15k,昵图网,杭州昵图信息技术有限公司
500-2000人,"扁平化管理,技术驱动,14薪,六险一金",1-3年,本科,产品运营,15k-25k,微店,无线生活（北京）信息技术有限公司
150-500人,,不限,本科,C端产品经理,15k-20k,杭州清予网络科技有限公司,杭州清予网络科技有限公司
2000人以上,"带薪年假,定期体检,免费班车,领导好",3-5年,本科,产品经理（互联网金融）,15k-30k,同花顺,杭州同花顺数据开发有限公司
500-2000人,"弹性工作,美女多,牛人多,扁平管理",3-5年,本科,seo经理,11k-20k,心理壹点灵,上海袋虎信息技术有限公司
50-150人,"出国旅游,股票期权,精英团队,强悍的创始人",5-10年,本科,海外APP运营主管,13k-20k,腾展科技,杭州腾展科技股份有限公司
50-150人,"六险一金,高温补贴,绩效奖金,年度体检",3-5年,本科,风控运营,12k-20k,顺和同信,北京顺和同信科技有限公司
150-500人,"畅想姨妈假,全额公积金,全额产假工资,专业育儿团队",3-5年,本科,资深社区运营,10k-18k,亲宝宝,杭州点望科技有限公司
150-500人,"技能培训,节日礼物,岗位晋升,扁平管理",1-3年,本科,视频内容运营,8k-16k,培康食品,杭州培康食品有限公司
500-2000人,"节日礼物,专项奖金,岗位晋升,年度旅游",1-3年,本科,网络管理员,4k-8k,微一案,浙江微一案信息科技有限公司
150-500人,"带薪年假,定期体检,丰厚年终奖金,午餐补助",3-5年,大专,行政经理-杭州-00178,10k-20k,年糕妈妈,杭州智聪网络科技有限公司
50-150人,"股票期权,弹性工作时间,水果零食饮料,五险一金",3-5年,本科,产品经理,15k-25k,惠借科技,杭州惠借科技有限公司
50-150人,"绩效奖金,五险一金,节日礼物,管理规范",3-5年,本科,区块链产品经理,20k-40k,TOP Network,杭州顶天网络有限公司
150-500人,"带薪年假,交通补助,通讯津贴,午餐补助",1-3年,本科,战略项目管理（投资背景）,13k-25k,金科文化,浙江金科文化产业股份有限公司
500-2000人,"弹性工作,美女多,牛人多,扁平管理",3-5年,不限,市场推广高级经理,20k-30k,心理壹点灵,上海袋虎信息技术有限公司
150-500人,"带薪年假,股票期权,绩效奖金,弹性工作",1-3年,本科,商业化（变现）产品运营,10k-20k,小影APP,杭州趣维科技有限公司
2000人以上,"节日礼物,股票期权,带薪年假,岗位晋升",3-5年,不限,客服专家,8k-10k,浙江盘石,浙江盘石信息技术股份有限公司
50-150人,"自主盈利,技能培训,弹性工作,双通道晋升",3-5年,不限,产品运营（新媒体方向）,15k-20k,备胎说车,北京备胎说车科技有限公司
15-50人,,5-10年,不限,产品运营,15k-23k,脉景,脉景（杭州）健康管理有限公司
50-150人,"大牛团队,扁平管理,年底双薪,股票期权",1-3年,不限,编导,7k-14k,知衣科技,杭州知衣科技有限公司
150-500人,"技能培训,节日礼物,绩效奖金,岗位晋升",1-3年,大专,商家运营,7k-9k,启博软件,杭州启博科技有限公司
500-2000人,"年底双薪,带薪年假,岗位晋升,年度旅游",3-5年,本科,资深活动运营（社交电商）,18k-25k,未来集市,广州未来集市网络技术有限公司
150-500人,"股票期权,年底双薪,定期体检,弹性工作",3-5年,本科,产品经理,10k-20k,深睿医疗,北京深睿博联科技有限责任公司
50-150人,"期权激励,绩效奖金,团队活动,年度旅游",3-5年,本科,硬件产品经理,12k-24k,绿漫科技,绿漫科技有限公司
50-150人,"期权激励,绩效奖金,团队活动,年度旅游",3-5年,本科,平台运营-企业服务经理,8k-15k,绿漫科技,绿漫科技有限公司
500-2000人,"弹性工作,年度旅游,节日礼物,帅哥多",不限,大专,人事助理,4k-6k,中国人寿,中国人寿保险股份有限公司杭州市江城支公司
150-500人,"股票期权,带薪年假,岗位晋升,年底三薪",3-5年,本科,城市运营支持,6k-10k,微脉,杭州求是同创网络科技有限公司
15-50人,"带薪年假,领导好,五险一金,帅哥多",1-3年,不限,电商运营专员,7k-9k,满贯,满贯（深圳）电子商务有限责任公司
2000人以上,"帅哥多,美女多,领导好,岗位晋升",不限,大专,菜鸟商家服务运营,5k-8k,拓天科技,杭州拓天科技有限公司
150-500人,"扁平管理,岗位晋升,五险一金,技能培训",3-5年,大专,交互设计师,12k-16k,广通软件,北京广通信达软件股份有限公司杭州分公司
150-500人,"节日礼物,氛围好,发展好,年度旅游",1-3年,本科,广告执行（AE）,6k-12k,多麦,杭州多麦电子商务股份有限公司
2000人以上,"节日礼物,股票期权,带薪年假,岗位晋升",3-5年,大专,风控主管/经理,8k-16k,浙江盘石,浙江盘石信息技术股份有限公司
150-500人,"带薪年假,绩效奖金,交通补助,午餐补助",3-5年,本科,高级运维工程师,13k-26k,浙江钱兔网络科技有限公司,浙江钱兔网络科技有限公司
50-150人,"期权激励,绩效奖金,团队活动,年度旅游",3-5年,本科,平台运营--负责人,20k-30k,绿漫科技,绿漫科技有限公司
500-2000人,"扁平化管理,技术驱动,14薪,六险一金",1-3年,本科,用户研究员,15k-25k,微店,无线生活（北京）信息技术有限公司
2000人以上,"年终分红,绩效奖金,年底双薪,交通补助",3-5年,本科,用户运营经理,10k-20k,税友软件,税友软件集团股份有限公司
2000人以上,"五险一金,交通补助,绩效奖金,节日礼物",3-5年,本科,休闲游戏运营,12k-20k,边锋,杭州边锋网络技术有限公司
150-500人,"年终分红,专项奖金,带薪年假,绩效奖金",1-3年,大专,直通车推广专员,8k-15k,筑梦科技,杭州长新文化创意有限公司
500-2000人,"股票期权,扁平管理,管理规范,技能培训",1-3年,本科,急聘人事行政专员,5k-9k,斗米,北京斗米优聘科技发展有限公司
500-2000人,"节日礼物,专项奖金,带薪年假,扁平管理",1-3年,大专,投诉处理专家,8k-12k,51信用卡管家,杭州恩牛网络技术有限公司
50-150人,"股票期权,带薪年假,绩效奖金,年底双薪",3-5年,本科,资深风控建模师,15k-25k,排列科技,杭州排列科技有限公司
150-500人,"保险科技,头部平台,C轮并盈利,业务稳健",1-3年,本科,天猫运营专员,8k-12k,心有灵犀,心有灵犀科技股份有限公司
150-500人,"股票期权,带薪年假,年度旅游,美女多",3-5年,大专,产品运营,10k-16k,宋小菜,杭州小农网络科技有限公司
500-2000人,"弹性工作,扁平管理,领导好,五险一金",1-3年,本科,高级社群运营,8k-13k,凡声科技,杭州凡声科技有限公司
150-500人,"技能培训,节日礼物,绩效奖金,岗位晋升",1-3年,大专,会务运营,5k-8k,启博软件,杭州启博科技有限公司
500-2000人,"年底双薪,带薪年假,岗位晋升,年度旅游",3-5年,本科,资深频道运营,15k-25k,未来集市,广州未来集市网络技术有限公司
150-500人,"午餐补助,领导好,管理规范,技能培训",3-5年,大专,民宿店长,10k-15k,象宿网络,象宿网络技术(北京)有限公司
50-150人,"节日礼物,绩效奖金,岗位晋升,扁平管理",1-3年,大专,产品经理,10k-15k,小马哥,杭州有云科技有限公司
150-500人,"绩效奖金,午餐补助,节日礼物,扁平管理",1-3年,大专,AI语音外呼运营专员,5k-10k,华坤道威,浙江华坤道威数据科技有限公司
150-500人,"带薪年假,股票期权,绩效奖金,弹性工作",3-5年,本科,资深产品运营,12k-24k,小影APP,杭州趣维科技有限公司
500-2000人,"信任与授权,岗位晋升,扁平管理,绩效奖金",1-3年,大专,商家运营,6k-8k,兔狗科技,杭州兔狗科技有限公司
150-500人,"股票期权,带薪年假,弹性工作,帅哥多",3-5年,本科,招投标主管,10k-15k,纳里健康,纳里健康科技有限公司
50-150人,"午餐补助,年度旅游,弹性工作,领导好",1-3年,本科,Facebook广告投放,7k-14k,爱自拍,杭州格像科技有限公司
150-500人,"股票期权,带薪年假,扁平化,环境优美",不限,大专,线下推广,10k-15k,我在家,杭州闪客科技有限公司
150-500人,"周末双休,五险一金,绩效奖金,定期体检",5-10年,本科,【社招】市场总监,20k-40k,百应科技,浙江百应科技有限公司
500-2000人,"生日趴,每月腐败基金,每月补贴,年度旅游",1-3年,本科,美妆个护类目运营,10k-15k,贝贝网,杭州贝购科技有限公司
50-150人,"绩效奖金,股票期权,五险一金,岗位晋升",3-5年,本科,产品运营,9k-12k,掌上大学,杭州新麦科技有限公司
150-500人,"技能培训,节日礼物,绩效奖金,岗位晋升",1-3年,大专,内容运营,7k-10k,启博软件,杭州启博科技有限公司
50-150人,"开放式办公,扁平管理,带薪假期,弹性工作时间",1-3年,大专,高级运营专员（天猫/京东）,9k-15k,多准大数据,杭州多准数据技术有限公司
150-500人,"带薪年假,绩效奖金,交通补助,午餐补助",5-10年,本科,前端架构师,25k-50k,浙江钱兔网络科技有限公司,浙江钱兔网络科技有限公司
50-150人,"技能培训,带薪年假,岗位晋升,扁平管理",1-3年,大专,网店店长/网店运营经理,8k-15k,杭州后望网络科技有限公司,杭州后望网络科技有限公司
150-500人,"绩效奖金,午餐补助,专项奖金,年终分红",5-10年,本科,电商产品经理,12k-20k,智能装备研究院,宁波智能装备研究院有限公司
少于15人,,3-5年,大专,新媒体运营,6k-9k,礼筹科技,杭州礼筹科技有限公司
150-500人,,3-5年,本科,产品运营专家--拉新,15k-20k,杭州清予网络科技有限公司,杭州清予网络科技有限公司
2000人以上,"带薪年假,定期体检,免费班车,领导好",不限,本科,c++开发工程师,15k-30k,同花顺,杭州同花顺数据开发有限公司
15-50人,"技能培训,股票期权,专项奖金,带薪年假",1-3年,本科,产品经理助理,7k-14k,一周CP,杭州晓宇科技有限公司
2000人以上,"帅哥多,美女多,领导好,岗位晋升",1年以下,本科,阿里云生态运营,6k-7k,拓天科技,杭州拓天科技有限公司
15-50人,,3-5年,本科,活动运营,7k-12k,脉景,脉景（杭州）健康管理有限公司
500-2000人,"绩效奖金,带薪年假,年度旅游,弹性工作",1-3年,大专,直通车推广专员,6k-10k,乐麦信息技术（杭州）有限公司,乐麦信息技术（杭州）有限公司
15-50人,"专项奖金,股票期权,绩效奖金,带薪年假",5-10年,大专,新媒体运营总监,20k-40k,荣视文化,杭州荣视文化艺术有限公司
150-500人,"带薪年假,股票期权,绩效奖金,弹性工作",3-5年,本科,海外运营经理,10k-20k,小影APP,杭州趣维科技有限公司
2000人以上,"午餐补助,带薪年假,定期体检,年度旅游",不限,不限,电商推广专员,6k-8k,江南布衣,江南布衣服饰有限公司
15-50人,"技能培训,股票期权,专项奖金,带薪年假",1-3年,本科,初级产品经理,8k-15k,一周CP,杭州晓宇科技有限公司
50-150人,"年底双薪,股票期权,岗位晋升,扁平管理",5-10年,本科,资深内容运营,15k-25k,红花朵朵,杭州红花朵朵网络技术有限公司
50-150人,,1-3年,本科,资深商品运营,10k-16k,浙江蔚游网络技术有限公司,浙江蔚游网络技术有限公司
15-50人,"弹性工作,扁平管理,五险一金,午餐补助",不限,不限,市场拓展-会销方向,10k-20k,悦时超级会员,杭州悦时网络科技有限公司
500-2000人,"节日礼物,技能培训,绩效奖金,年度旅游",3-5年,本科,推广运营,8k-15k,森马电商,浙江森马电子商务有限公司
少于15人,,5-10年,本科,新媒体运营总监,15k-20k,核聚资产管理,杭州核聚资产管理有限公司
500-2000人,"美女多,六险一金,快乐高效文化,绩效奖金",不限,本科,商家运营（CSM）,8k-16k,婚礼纪,杭州火烧云科技有限公司
150-500人,"节日礼物,岗位晋升,年度旅游,扁平管理",5-10年,本科,资深产品经理,18k-30k,青团社,杭州弧途科技有限公司
500-2000人,"年底双薪,绩效奖金,专项奖金,五险一金",3-5年,本科,产品经理（娱乐社交）,10k-18k,米络星科技,杭州米络星科技(集团)有限公司
500-2000人,"优惠购车,定期调薪,广阔平台,福利丰厚",1-3年,本科,高级策略运营专员,10k-20k,曹操出行,杭州优行科技有限公司
150-500人,,不限,本科,产品运营专家-物流配送,15k-30k,杭州清予网络科技有限公司,杭州清予网络科技有限公司
150-500人,"技能培训,股票期权,带薪年假,绩效奖金",3-5年,本科,大客户销售经理,8k-13k,览众数据,杭州览众数据科技有限公司
150-500人,"技能培训,节日礼物,带薪年假,绩效奖金",不限,大专,易销车产品销售,8k-15k,杭州志卓科技股份有限公司,杭州志卓科技股份有限公司
150-500人,,3-5年,大专,售后,6k-12k,驴迹科技,广州市驴迹科技有限责任公司
15-50人,"年底双薪,绩效奖金,带薪年假",1-3年,大专,产品运营,8k-12k,浙江聚智软件技术有限公司,浙江聚智软件技术有限公司
150-500人,"保险科技,头部平台,C轮并盈利,业务稳健",3-5年,本科,保险产品经理（寿险）,15k-30k,心有灵犀,心有灵犀科技股份有限公司
50-150人,"带薪年假,绩效奖金,股票期权,年终分红",不限,本科,海外主播运营（土耳其语）,8k-15k,一鹭科技,武汉一鹭网络科技有限公司
15-50人,"弹性工作,扁平管理,五险一金,午餐补助",1-3年,本科,媒体/流量/广告位资源商务BD,8k-13k,悦时超级会员,杭州悦时网络科技有限公司
150-500人,"年底双薪,带薪年假,午餐补助,定期体检",3-5年,本科,后台开发工程师,20k-40k,天壤智能,上海天壤智能科技有限公司
500-2000人,,3-5年,本科,Java开发工程师,20k-35k,阿里妈妈,阿里巴巴（中国）有限公司
50-150人,"自主盈利,技能培训,弹性工作,双通道晋升",3-5年,不限,新媒体运营经理,15k-20k,备胎说车,北京备胎说车科技有限公司
150-500人,,5-10年,本科,社群运营总监,20k-30k,驴迹科技,广州市驴迹科技有限责任公司
15-50人,"年底双薪,绩效奖金,带薪年假",1-3年,大专,产品运营,8k-12k,浙江聚智软件技术有限公司,浙江聚智软件技术有限公司
500-2000人,,3-5年,本科,高级产品经理（医药供应链方向）,14k-26k,云呼科技,杭州云呼网络科技有限公司
500-2000人,"绩效奖金,股票期权,年底双薪,专项奖金",1-3年,本科,电商运营专员,7k-10k,美柚,厦门美柚信息科技有限公司
2000人以上,"五险一金,交通补助,绩效奖金,节日礼物",3-5年,本科,产品策划,10k-15k,边锋,杭州边锋网络技术有限公司
150-500人,"带薪年假,绩效奖金,交通补助,午餐补助",5-10年,本科,高级产品经理,15k-30k,浙江钱兔网络科技有限公司,浙江钱兔网络科技有限公司
500-2000人,"绩效奖金,带薪年假,年度旅游,弹性工作",3-5年,本科,产品经理（广告）,15k-25k,乐麦信息技术（杭州）有限公司,乐麦信息技术（杭州）有限公司
500-2000人,"美女多,六险一金,快乐高效文化,绩效奖金",3-5年,本科,社区运营,8k-12k,婚礼纪,杭州火烧云科技有限公司
150-500人,"带薪年假,弹性工作,年度旅游,美女多",1-3年,本科,课程运营,7k-14k,巴九灵,杭州巴九灵文化创意股份有限公司
150-500人,"带薪年假,弹性工作,年度旅游,美女多",3-5年,本科,电商运营专家,15k-25k,巴九灵,杭州巴九灵文化创意股份有限公司
2000人以上,"午餐补助,带薪年假,定期体检,年度旅游",不限,大专,电商运营专员,7k-9k,江南布衣,江南布衣服饰有限公司
500-2000人,"年底双薪,节日礼物,免费班车,股票期权",不限,本科,产品运营专家 (MJ000365),20k-40k,连连支付,连连银通电子支付有限公司
2000人以上,"管理规范,快乐团体,股票期权,免费健身房",5-10年,本科,缦图总部-招聘专家 (MJ001841),10k-14k,缦图摄影,杭州缦图摄影有限公司
50-150人,"股票期权,扁平管理,五险一金,带薪年假",3-5年,本科,消费金融风险策略经理,20k-40k,孚临金科,浙江孚临科技有限公司
50-150人,"股票期权,扁平管理,五险一金,带薪年假",3-5年,本科,小微金融风险策略经理,20k-40k,孚临金科,浙江孚临科技有限公司
500-2000人,"节日礼物,技能培训,绩效奖金,年度旅游",3-5年,本科,推广运营,9k-13k,森马电商,浙江森马电子商务有限公司
50-150人,"绩效奖金,年度旅游,管理规范,带薪年假",5-10年,本科,高级运营经理,15k-30k,昵图网,杭州昵图信息技术有限公司
150-500人,"节日礼物,年度旅游,岗位晋升,领导好",1年以下,本科,人力资源专员,4k-6k,华卓科技,杭州华卓信息科技有限公司
150-500人,"股票期权,绩效奖金,专项奖金,年终分红",5-10年,大专,高级php开发,15k-25k,康策网络,杭州康策网络科技有限公司
2000人以上,"通讯津贴,岗位晋升,技能培训,管理规范",5-10年,本科,产品运营专家,20k-30k,银泰商业集团,浙江银泰百货有限公司
2000人以上,"五险一金,交通补助,绩效奖金,节日礼物",3-5年,不限,游戏运营,10k-20k,边锋,杭州边锋网络技术有限公司
150-500人,"领导好,扁平管理,股票期权,五险一金",1-3年,本科,文案策划,6k-12k,这里信息发展有限公司,深圳这里信息发展有限公司
500-2000人,"年底双薪,节日礼物,免费班车,股票期权",3-5年,不限,反洗钱经理（交易监测方向） (MJ000354),15k-25k,连连支付,连连银通电子支付有限公司
15-50人,"专项奖金,股票期权,绩效奖金,带薪年假",1-3年,大专,新媒体运营经理,10k-20k,荣视文化,杭州荣视文化艺术有限公司
15-50人,,1-3年,本科,内容运营,10k-15k,天链科技（杭州）有限公司,天链科技（杭州）有限公司
150-500人,"股票期权,带薪年假,岗位晋升,年底三薪",5-10年,本科,产品运营经理,20k-30k,微脉,杭州求是同创网络科技有限公司
50-150人,"节日礼物,绩效奖金,岗位晋升,扁平管理",5-10年,大专,销售运营负责人,12k-18k,小马哥,杭州有云科技有限公司
50-150人,"技能培训,节日礼物,带薪年假,绩效奖金",1-3年,本科,C++开发工程师,8k-16k,大名软件,杭州大名软件有限公司
500-2000人,"技能培训,股票期权,带薪年假,岗位晋升",3-5年,本科,运营专家(教培MCN),10k-20k,校宝在线,校宝在线（杭州）科技股份有限公司
50-150人,"带薪年假,绩效奖金,弹性工作,年度旅游",3-5年,本科,资深产品运营,13k-18k,达西,杭州达西信息技术有限公司
500-2000人,"年底双薪,绩效奖金,专项奖金,五险一金",1-3年,本科,社群运营专员,7k-12k,米络星科技,杭州米络星科技(集团)有限公司
150-500人,"丰厚年终,定期体检,通讯津贴,午餐补助",1-3年,本科,财务会计,6k-8k,浮云网络,杭州浮云网络科技有限公司
2000人以上,"节日礼物,股票期权,带薪年假,岗位晋升",3-5年,本科,活动运营专家,12k-24k,浙江盘石,浙江盘石信息技术股份有限公司
50-150人,"节日礼物,绩效奖金,岗位晋升,扁平管理",1-3年,大专,商家运营（纯运营）,5k-7k,小马哥,杭州有云科技有限公司
